ONS Code,Area name,Mode,Purpose,Frequency,2021,2020,2019,2018,2017,2016
E92000001,England,Cycling,Any,At least once per month,13.1485851746097,16.095200000000002,16.05837967367966,16.0966,16.8774,17.1082
E92000001,England,Cycling,Any,At least once per week,9.14614089024214,11.615499999999999,11.22088211648476,11.4848,11.8555,11.903
E92000001,England,Cycling,Any,At least 3 times per week,3.94872590842314,5.3087,5.320626050823683,5.5048,5.6748,5.6702
E92000001,England,Cycling,Any,At least 5 times per week,2.14524959877609,2.9789,3.170455826308085,3.3369000000000004,3.3673,3.3718
E12000007,London,Cycling,Any,At least once per month,16.8762907558815,18.3318,17.69056651135093,17.0717,17.3157,17.4828
E12000007,London,Cycling,Any,At least once per week,11.8873600173067,13.8566,12.858526756785135,12.823100000000002,12.5848,12.8628
E12000007,London,Cycling,Any,At least 3 times per week,5.23909025606701,7.0611,7.065373938889996,7.016,6.5694,7.0232
E12000007,London,Cycling,Any,At least 5 times per week,3.1152174275038,4.1618,4.352596202516135,4.630999999999999,4.0588,4.4803999999999995
E13000001,Inner London,Cycling,Any,At least once per month,23.4867839142904,25.205899999999996,23.27509232149844,0,0,0
E13000001,Inner London,Cycling,Any,At least once per week,17.355581455379,19.7852,17.5989511426662,0,0,0
E13000001,Inner London,Cycling,Any,At least 3 times per week,7.92654477813743,10.3269,10.537857675831823,0,0,0
E13000001,Inner London,Cycling,Any,At least 5 times per week,4.70041564909821,6.2493,6.804349852335309,0,0,0
E09000007,Camden,Cycling,Any,At least once per month,22.6412280590818,22.251099999999997,18.838687301045123,20.2057,21.322499999999998,17.918400000000002
E09000007,Camden,Cycling,Any,At least once per week,17.500450245716898,15.5578,15.874769823516433,14.5493,15.3325,13.922799999999999
E09000007,Camden,Cycling,Any,At least 3 times per week,8.60714578186547,7.831799999999999,10.622261240656078,10.05,7.582,8.409600000000001
E09000007,Camden,Cycling,Any,At least 5 times per week,5.74395941120391,4.8572,6.96125090917388,6.6579,4.0996999999999995,6.3842
E09000001,City of London,Cycling,Any,At least once per month,16.4514136411911,20.493100000000002,25.734692283751198,20.3252,19.1468,29.3494
E09000001,City of London,Cycling,Any,At least once per week,13.2044955219599,15.7011,13.402090842597806,11.0923,14.5599,21.7252
E09000001,City of London,Cycling,Any,At least 3 times per week,7.66776172332468,6.772200000000001,2.6609003017183634,4.3669,6.8449,9.3797
E09000001,City of London,Cycling,Any,At least 5 times per week,5.07101712711749,2.3649,1.4983815107028988,1.4994,1.3946999999999998,3.3545
E09000012,Hackney,Cycling,Any,At least once per month,31.1638248277855,37.4197,30.80114688043024,28.268300000000004,30.545099999999998,35.937999999999995
E09000012,Hackney,Cycling,Any,At least once per week,23.4311591423038,32.5847,22.770183387730395,25.2906,25.9753,30.107499999999998
E09000012,Hackney,Cycling,Any,At least 3 times per week,10.2041739586369,16.1229,15.556700093477652,16.4569,18.5056,18.2839
E09000012,Hackney,Cycling,Any,At least 5 times per week,7.00498976056552,11.1807,11.19622214666922,12.8748,14.1636,11.860800000000001
E09000013,Hammersmith and Fulham,Cycling,Any,At least once per month,28.384961596622,28.0155,30.862481626002907,23.710700000000003,26.3793,36.9428
E09000013,Hammersmith and Fulham,Cycling,Any,At least once per week,22.543529289461,22.6817,18.35774426350554,19.797600000000003,19.328500000000002,26.7844
E09000013,Hammersmith and Fulham,Cycling,Any,At least 3 times per week,12.3348204878908,14.6592,10.95260437207836,13.269300000000001,13.4842,16.034200000000002
E09000013,Hammersmith and Fulham,Cycling,Any,At least 5 times per week,7.68429824095006,7.6095,5.899362070136598,8.397599999999999,9.149500000000002,11.3171
E09000014,Haringey,Cycling,Any,At least once per month,18.1217138965967,18.602,19.576538098379835,15.5521,18.4778,18.9236
E09000014,Haringey,Cycling,Any,At least once per week,12.0879664432183,14.2378,15.042205438572632,11.213,15.090200000000001,13.7798
E09000014,Haringey,Cycling,Any,At least 3 times per week,5.66863140322378,6.672899999999999,9.220627841512274,6.678000000000001,8.2239,9.3082
E09000014,Haringey,Cycling,Any,At least 5 times per week,3.25025957051834,3.7986,5.790843855610161,3.758,6.1756,4.5443
E09000019,Islington,Cycling,Any,At least once per month,31.6852886024356,30.527500000000003,21.117252020241043,29.7707,22.4015,26.3318
E09000019,Islington,Cycling,Any,At least once per week,23.8180096798527,24.1685,16.796514755874785,25.306,17.8312,22.7482
E09000019,Islington,Cycling,Any,At least 3 times per week,10.4149937519009,14.602799999999998,9.293631142220477,15.9878,9.3103,13.8231
E09000019,Islington,Cycling,Any,At least 5 times per week,5.27498029845636,8.5869,5.339314966354092,7.3036,5.1615,7.9247
E09000020,Kensington and Chelsea,Cycling,Any,At least once per month,22.5908632043848,21.517400000000002,15.678181053079946,20.4354,21.1767,19.7412
E09000020,Kensington and Chelsea,Cycling,Any,At least once per week,18.6503206866762,16.215,11.869343389282093,15.9884,15.6715,14.1879
E09000020,Kensington and Chelsea,Cycling,Any,At least 3 times per week,7.5237083706255,6.6112,6.402509928715061,8.3648,7.656300000000001,7.7515
E09000020,Kensington and Chelsea,Cycling,Any,At least 5 times per week,3.82506153229103,4.7659,4.029266718171113,5.7138,5.2923,4.3122
E09000022,Lambeth,Cycling,Any,At least once per month,24.5982989337191,35.489599999999996,25.467390156762015,20.749699999999997,24.1015,22.9067
E09000022,Lambeth,Cycling,Any,At least once per week,18.7950223828317,27.4194,19.10660553477364,16.7368,18.8603,16.8261
E09000022,Lambeth,Cycling,Any,At least 3 times per week,9.00379744393254,11.6095,12.035343220112898,11.1343,11.6678,9.4754
E09000022,Lambeth,Cycling,Any,At least 5 times per week,6.14656427849865,6.2972,7.140516556684114,7.7562999999999995,6.7759,5.3697
E09000023,Lewisham,Cycling,Any,At least once per month,18.034003913526,20.3079,20.130992962174368,19.697400000000002,15.948200000000002,18.4872
E09000023,Lewisham,Cycling,Any,At least once per week,13.9076168832334,15.4372,15.131053000608114,14.5272,12.7094,13.1208
E09000023,Lewisham,Cycling,Any,At least 3 times per week,7.57325829426074,8.9012,9.48546727676924,6.5041,7.9704999999999995,9.0224
E09000023,Lewisham,Cycling,Any,At least 5 times per week,3.90944398187551,5.6736,5.316683904762782,4.1981,4.5283,6.1386
E09000025,Newham,Cycling,Any,At least once per month,13.9002941912447,11.8446,17.760498099305604,14.441300000000002,15.908900000000001,12.3263
E09000025,Newham,Cycling,Any,At least once per week,9.18493885014845,8.8767,11.232887755859446,10.040000000000001,9.1791,8.372
E09000025,Newham,Cycling,Any,At least 3 times per week,3.69594283475865,2.7209,5.661137938761504,5.7006,4.151400000000001,4.3932
E09000025,Newham,Cycling,Any,At least 5 times per week,1.9612879109862,1.5561,3.9378355010379082,4.2939,3.2736,2.8198999999999996
E09000028,Southwark,Cycling,Any,At least once per month,27.4279384344846,28.1217,25.16680345021321,29.928300000000004,26.907799999999998,26.260299999999997
E09000028,Southwark,Cycling,Any,At least once per week,19.4681408730172,21.0245,21.910714580861086,25.849100000000004,20.9619,21.8414
E09000028,Southwark,Cycling,Any,At least 3 times per week,8.84190770047028,11.206000000000001,13.792385399722571,19.0636,12.986500000000001,15.6685
E09000028,Southwark,Cycling,Any,At least 5 times per week,5.72322113070891,7.985499999999999,10.192673078680476,12.9082,8.101700000000001,12.3451
E09000030,Tower Hamlets,Cycling,Any,At least once per month,18.8866029304592,21.58,22.142727564496365,20.6812,24.6615,23.7735
E09000030,Tower Hamlets,Cycling,Any,At least once per week,13.1984906143396,18.058,16.28225223638997,14.299500000000002,19.0523,16.8869
E09000030,Tower Hamlets,Cycling,Any,At least 3 times per week,5.41179209228279,10.4155,8.989140026724202,8.4899,12.521099999999999,10.847199999999999
E09000030,Tower Hamlets,Cycling,Any,At least 5 times per week,3.19408226808158,7.5605,5.302815840458324,5.3724,7.4693,9.0776
E09000032,Wandsworth,Cycling,Any,At least once per month,27.5442300241102,32.570100000000004,29.707732026955952,25.807600000000004,22.8805,26.3334
E09000032,Wandsworth,Cycling,Any,At least once per week,20.6687723056902,26.4936,23.783504118626468,22.459699999999998,17.151,19.8219
E09000032,Wandsworth,Cycling,Any,At least 3 times per week,9.66490756992637,14.475399999999999,13.56183752040824,11.1153,7.5943,10.3976
E09000032,Wandsworth,Cycling,Any,At least 5 times per week,4.30431129895989,5.7901,9.729570309943393,6.5428,3.6191,6.9091
E09000033,Westminster,Cycling,Any,At least once per month,23.5610734018183,18.2712,23.646432057640133,18.3437,22.9592,19.2041
E09000033,Westminster,Cycling,Any,At least once per week,16.1662217915134,13.446900000000001,17.872075555718926,12.4846,16.5265,13.5051
E09000033,Westminster,Cycling,Any,At least 3 times per week,5.8709196184426,8.8933,9.746009019001322,6.935099999999999,8.5607,5.3027
E09000033,Westminster,Cycling,Any,At least 5 times per week,4.04617709530314,6.3412,5.798148320422523,5.8271999999999995,5.8936,3.8032999999999997
E13000002,Outer London,Cycling,Any,At least once per month,12.2268070256509,13.492999999999999,13.770005849184955,0,0,0
E13000002,Outer London,Cycling,Any,At least once per week,8.04129195545949,9.6834,9.530559083059446,0,0,0
E13000002,Outer London,Cycling,Any,At least 3 times per week,3.34887181446607,4.7622,4.627551355220046,0,0,0
E13000002,Outer London,Cycling,Any,At least 5 times per week,2.00026984887748,2.6924,2.6313669988947574,0,0,0
E09000002,Barking and Dagenham,Cycling,Any,At least once per month,9.07683331616277,8.483,4.831190262385244,10.757,9.626999999999999,9.9117
E09000002,Barking and Dagenham,Cycling,Any,At least once per week,5.89069607776395,6.285499999999999,3.459103504414698,6.704300000000001,6.8425,7.065
E09000002,Barking and Dagenham,Cycling,Any,At least 3 times per week,2.45013084118289,3.5504000000000002,1.2023573115900557,1.8509000000000002,2.9722,2.9301
E09000002,Barking and Dagenham,Cycling,Any,At least 5 times per week,1.2262834249561,1.7795999999999998,0.4733672315726865,1.4122,1.5245,1.5046
E09000003,Barnet,Cycling,Any,At least once per month,10.8876526418029,10.2493,12.665502192503645,7.1956999999999995,11.7291,10.7089
E09000003,Barnet,Cycling,Any,At least once per week,7.46534772077499,7.0642,9.542197003824246,4.8353,8.010399999999999,7.5632
E09000003,Barnet,Cycling,Any,At least 3 times per week,3.24304349800784,4.135599999999999,6.36656748010774,2.3733,2.3602000000000003,2.5162
E09000003,Barnet,Cycling,Any,At least 5 times per week,2.01745567459557,2.7616,2.7047493521211985,2.2032,0.8978999999999999,1.5954
E09000004,Bexley,Cycling,Any,At least once per month,10.2089257964295,6.808,12.596981531874436,14.8782,13.5053,10.3489
E09000004,Bexley,Cycling,Any,At least once per week,6.73624794644329,4.7666,9.225544565240577,8.0002,8.8918,7.2677000000000005
E09000004,Bexley,Cycling,Any,At least 3 times per week,1.42136683441176,2.7775000000000003,3.975405514215706,2.1418,3.4909999999999997,1.1515
E09000004,Bexley,Cycling,Any,At least 5 times per week,0.566369843565918,2.0354,1.10833250630989,1.8873000000000002,1.6402,0.8540000000000001
E09000005,Brent,Cycling,Any,At least once per month,12.2135154680517,12.592600000000001,13.851489510931087,15.963099999999999,9.7591,11.2196
E09000005,Brent,Cycling,Any,At least once per week,8.31618444600089,9.9423,9.049942681920859,12.861,7.375800000000001,7.2109000000000005
E09000005,Brent,Cycling,Any,At least 3 times per week,3.74696705842054,6.0644,5.213199352884998,7.095400000000001,3.3333000000000004,3.2137
E09000005,Brent,Cycling,Any,At least 5 times per week,2.0375057555899,2.2697,3.5368525830433706,4.576899999999999,0.9579000000000001,2.0646
E09000006,Bromley,Cycling,Any,At least once per month,10.7062800164334,14.849599999999999,9.097070817249723,15.0202,11.6136,12.942400000000001
E09000006,Bromley,Cycling,Any,At least once per week,6.67640571485195,11.9086,5.204003879465199,10.8772,6.802,9.8662
E09000006,Bromley,Cycling,Any,At least 3 times per week,3.38739613919849,4.9861,1.8656711567503457,4.5504999999999995,2.3523,4.0167
E09000006,Bromley,Cycling,Any,At least 5 times per week,3.33620885387447,2.1294,0.7117724477179583,3.1172,1.8969,2.5291
E09000008,Croydon,Cycling,Any,At least once per month,9.95953895306735,8.5081,6.608353940308996,12.8464,9.946000000000002,10.3477
E09000008,Croydon,Cycling,Any,At least once per week,8.19759309091033,5.9095,4.162635343743617,8.039,7.6487,7.850300000000001
E09000008,Croydon,Cycling,Any,At least 3 times per week,4.50109305800759,2.9058,1.1002744493410233,5.3054,2.8973,4.6382
E09000008,Croydon,Cycling,Any,At least 5 times per week,3.05244215135511,1.4604000000000001,0.3912392010081472,3.8701,0.3321,2.6669
E09000009,Ealing,Cycling,Any,At least once per month,15.0707383141045,15.960199999999999,13.927509308210762,16.261300000000002,18.0269,16.3934
E09000009,Ealing,Cycling,Any,At least once per week,9.50799743054487,12.8884,11.095687229532485,11.7564,11.3759,10.588000000000001
E09000009,Ealing,Cycling,Any,At least 3 times per week,4.28936148333333,6.8483,4.215438733427302,6.365899999999999,5.0513,7.345699999999999
E09000009,Ealing,Cycling,Any,At least 5 times per week,2.90910964907356,4.5747,2.8493207799316416,3.152,3.0919,4.1129
E09000010,Enfield,Cycling,Any,At least once per month,10.8230230775458,10.2202,10.267195950180803,9.7216,8.9643,10.8185
E09000010,Enfield,Cycling,Any,At least once per week,5.90440169453093,7.5464,6.949237446679563,7.566599999999999,5.9656,7.4719999999999995
E09000010,Enfield,Cycling,Any,At least 3 times per week,2.62897657493164,3.3053,2.9612201423644273,3.7282,2.5417,2.9701999999999997
E09000010,Enfield,Cycling,Any,At least 5 times per week,1.3779303161785,1.6457,1.8735370488425804,3.2455,1.2272,2.2837
E09000011,Greenwich,Cycling,Any,At least once per month,12.6108669723858,13.6795,16.626382544027773,14.8046,16.9932,13.1338
E09000011,Greenwich,Cycling,Any,At least once per week,9.32650997272149,10.8258,11.699305495154762,9.1946,11.710700000000001,8.3108
E09000011,Greenwich,Cycling,Any,At least 3 times per week,3.8655478941554,4.3327,7.255896869794484,2.9548,6.9711,3.816
E09000011,Greenwich,Cycling,Any,At least 5 times per week,2.0267337546104,1.9967,6.014321017106399,1.1053,4.381,1.384
E09000015,Harrow,Cycling,Any,At least once per month,8.08827687739662,7.985100000000001,11.553801172996307,8.7066,14.1124,10.424999999999999
E09000015,Harrow,Cycling,Any,At least once per week,4.10382368718599,4.8717999999999995,7.423408423659315,4.5443999999999996,6.2497,7.6674999999999995
E09000015,Harrow,Cycling,Any,At least 3 times per week,2.1779239910519,2.5413,2.4945388351901703,2.6037999999999997,2.5316,3.5174999999999996
E09000015,Harrow,Cycling,Any,At least 5 times per week,1.50664740879308,1.5810000000000002,1.3069389228619774,1.4434,1.3614,2.0911
E09000016,Havering,Cycling,Any,At least once per month,6.66739602578354,8.6656,7.45358145530644,5.9056,11.7006,9.704500000000001
E09000016,Havering,Cycling,Any,At least once per week,3.22134688432526,6.3328999999999995,4.025038434292918,3.3929,7.1831000000000005,5.485
E09000016,Havering,Cycling,Any,At least 3 times per week,1.45225808221853,2.0594,2.031624937724012,0.5025,3.5928,1.5819
E09000016,Havering,Cycling,Any,At least 5 times per week,0.852233473463424,0.6387,1.7024917922202756,0.1688,2.1509,0.9014
E09000017,Hillingdon,Cycling,Any,At least once per month,7.08160827679054,11.006599999999999,17.04285664960358,8.7758,12.118500000000001,10.410400000000001
E09000017,Hillingdon,Cycling,Any,At least once per week,5.62816890713506,7.0602,11.511753670576384,5.2941,9.7206,6.3812999999999995
E09000017,Hillingdon,Cycling,Any,At least 3 times per week,2.60711634487202,2.0094000000000003,4.504687374400042,2.1828,3.286,3.6976
E09000017,Hillingdon,Cycling,Any,At least 5 times per week,1.92258237182415,1.4322,2.4371711153233546,1.8311000000000002,2.605,0.7593
E09000018,Hounslow,Cycling,Any,At least once per month,15.9686200748582,15.7062,15.947905146206715,19.3308,13.0878,13.3023
E09000018,Hounslow,Cycling,Any,At least once per week,11.5371307296019,9.9589,10.764631525912693,14.9439,10.2664,9.4809
E09000018,Hounslow,Cycling,Any,At least 3 times per week,5.19661919513652,4.7883000000000004,3.9896041750962605,8.5465,5.4627,3.3842
E09000018,Hounslow,Cycling,Any,At least 5 times per week,1.89816908790689,3.6824999999999997,2.5074306910461184,6.1211,3.0288,1.6889999999999998
E09000021,Kingston upon Thames,Cycling,Any,At least once per month,20.1882616358557,23.0208,24.480805822332584,23.7528,23.7734,20.8732
E09000021,Kingston upon Thames,Cycling,Any,At least once per week,10.8850017670398,14.932400000000001,16.30006984101382,19.2953,17.363799999999998,14.5347
E09000021,Kingston upon Thames,Cycling,Any,At least 3 times per week,2.87263290727739,6.8683,10.304833994254494,9.128,7.1185,8.681
E09000021,Kingston upon Thames,Cycling,Any,At least 5 times per week,1.42958999621109,3.4682999999999997,6.438515886943821,5.5477,5.7374,6.526400000000001
E09000024,Merton,Cycling,Any,At least once per month,17.3378745190899,17.8887,19.804567987501024,16.0154,17.3449,17.2198
E09000024,Merton,Cycling,Any,At least once per week,13.3307855395521,12.0977,14.66533959774342,11.3869,12.805900000000001,13.125
E09000024,Merton,Cycling,Any,At least 3 times per week,5.82334119180836,6.5682,8.25539152099532,5.434200000000001,8.3763,7.7632
E09000024,Merton,Cycling,Any,At least 5 times per week,3.49851123290673,3.7192000000000003,5.3076308518439985,3.0955,5.7203,3.9305
E09000026,Redbridge,Cycling,Any,At least once per month,8.39143660113813,10.754199999999999,9.364025287870541,8.8601,10.2042,12.9191
E09000026,Redbridge,Cycling,Any,At least once per week,4.64606971195535,6.9858,6.766403591419381,6.3998,6.2303999999999995,10.1459
E09000026,Redbridge,Cycling,Any,At least 3 times per week,0.704235204904581,2.6311999999999998,4.065015591410508,1.9985,2.0151,5.6923
E09000026,Redbridge,Cycling,Any,At least 5 times per week,0.312743441642877,1.1428,2.0256810674785806,1.8457000000000001,1.1334,3.8863000000000003
E09000027,Richmond upon Thames,Cycling,Any,At least once per month,26.7062293531384,31.6772,36.33106038912409,34.098299999999995,30.352,32.284800000000004
E09000027,Richmond upon Thames,Cycling,Any,At least once per week,18.4499506688872,23.8487,26.757007360404337,26.4849,21.7277,26.5978
E09000027,Richmond upon Thames,Cycling,Any,At least 3 times per week,6.89396413888699,14.2704,12.49299512405042,13.7449,10.3926,13.058900000000001
E09000027,Richmond upon Thames,Cycling,Any,At least 5 times per week,3.35230016921545,8.4303,6.791470222336117,8.8521,5.7056000000000004,7.8092999999999995
E09000029,Sutton,Cycling,Any,At least once per month,7.94176001855747,14.7673,12.235117032892942,10.814400000000001,8.3818,15.964999999999998
E09000029,Sutton,Cycling,Any,At least once per week,5.19448069416879,11.3841,7.35995239937886,6.6542,5.7347,8.8065
E09000029,Sutton,Cycling,Any,At least 3 times per week,2.48836140174148,5.4308000000000005,3.297645888794066,0.6905,2.4577,3.5759
E09000029,Sutton,Cycling,Any,At least 5 times per week,0.929393685795094,2.2382,2.6838438789240704,0.4626,1.7475,2.0631
E09000031,Waltham Forest,Cycling,Any,At least once per month,19.8157885263455,24.3019,20.067281035326705,16.0304,19.7543,18.947
E09000031,Waltham Forest,Cycling,Any,At least once per week,11.9582844382156,16.3136,14.263477889233847,12.2266,14.909500000000001,14.3727
E09000031,Waltham Forest,Cycling,Any,At least 3 times per week,4.25053158045303,8.4801,7.386123308605569,6.036,7.9902,7.3128
E09000031,Waltham Forest,Cycling,Any,At least 5 times per week,2.92194238566741,6.3852,2.585095148890297,3.1702,6.2266,4.7411
E92000001,England,Cycling,Leisure,At least once per month,9.89241469361458,13.3633,13.056124282725914,13.0332,13.5722,13.8797
E92000001,England,Cycling,Leisure,At least once per week,5.99348870286585,8.5209,7.553389418098997,7.7177,7.9971,8.0249
E92000001,England,Cycling,Leisure,At least 3 times per week,1.82820649863013,2.8225,2.146497176426886,2.2619,2.3307,2.2533000000000003
E92000001,England,Cycling,Leisure,At least 5 times per week,0.82766291442372,1.3477,0.9954948650837421,1.0772,1.1193,1.0333999999999999
E12000007,London,Cycling,Leisure,At least once per month,10.7112224554192,13.683100000000001,12.979627995271153,12.702,12.4455,13.181499999999998
E12000007,London,Cycling,Leisure,At least once per week,5.83790417223619,8.387500000000001,7.021778276473347,7.2071,6.9551,7.256600000000001
E12000007,London,Cycling,Leisure,At least 3 times per week,1.59562846713869,2.8972,1.5179582497378044,1.8450000000000002,1.7927,2.02
E12000007,London,Cycling,Leisure,At least 5 times per week,0.852550049147108,1.3240999999999998,0.8257838098978472,0.9135000000000001,1.0536,1.0491000000000001
E13000001,Inner London,Cycling,Leisure,At least once per month,13.8388122623002,17.6118,15.850960952910837,0,0,0
E13000001,Inner London,Cycling,Leisure,At least once per week,7.28390110240018,10.6394,8.417780654252812,0,0,0
E13000001,Inner London,Cycling,Leisure,At least 3 times per week,2.07455219635183,3.4214,1.7091708023043068,0,0,0
E13000001,Inner London,Cycling,Leisure,At least 5 times per week,1.05892966863494,1.6838,1.0600283349958468,0,0,0
E09000007,Camden,Cycling,Leisure,At least once per month,13.6162479352479,15.160699999999999,12.608283898637124,13.320799999999998,14.072899999999999,11.8601
E09000007,Camden,Cycling,Leisure,At least once per week,6.61191365960591,8.062800000000001,7.978732266345233,6.6847,6.4333,6.3504000000000005
E09000007,Camden,Cycling,Leisure,At least 3 times per week,1.97458913599584,2.545,0.5398255345607211,2.2856,1.8960000000000001,1.5626999999999998
E09000007,Camden,Cycling,Leisure,At least 5 times per week,1.48672616356624,1.9403,0.4001406318273725,1.6871,0.5431,0.8769000000000001
E09000001,City of London,Cycling,Leisure,At least once per month,7.33483427341693,14.560300000000002,19.15325987945288,12.9838,14.180100000000001,23.1001
E09000001,City of London,Cycling,Leisure,At least once per week,3.82364900869466,9.493,3.458430445407151,5.652900000000001,8.852,13.2051
E09000001,City of London,Cycling,Leisure,At least 3 times per week,0.89515195567041,2.1391,0.7096897015697484,1.0061,1.7089,4.0938
E09000001,City of London,Cycling,Leisure,At least 5 times per week,0.441449710563727,0.25579999999999997,0.08183545815407502,0,0,1.2356
E09000012,Hackney,Cycling,Leisure,At least once per month,17.5316780773679,27.6511,18.743167785967866,20.755599999999998,21.287300000000002,26.2099
E09000012,Hackney,Cycling,Leisure,At least once per week,9.7695941401828,16.8023,8.096788401238108,12.738900000000001,14.919599999999999,14.3957
E09000012,Hackney,Cycling,Leisure,At least 3 times per week,2.47443461280947,4.8267999999999995,1.2386920337872058,3.7636000000000003,3.9792,3.0775
E09000012,Hackney,Cycling,Leisure,At least 5 times per week,0.723459983588537,2.0389999999999997,0.7050727105712927,1.3856,2.4238,1.2555
E09000013,Hammersmith and Fulham,Cycling,Leisure,At least once per month,18.4097620112145,19.2454,19.65428271277752,15.7221,17.4227,26.8387
E09000013,Hammersmith and Fulham,Cycling,Leisure,At least once per week,10.6023259324069,13.761300000000002,8.626768968578666,10.4183,8.5657,13.624500000000001
E09000013,Hammersmith and Fulham,Cycling,Leisure,At least 3 times per week,2.91895554696139,5.5452,3.1021985177588003,3.7407000000000004,2.4569,1.8966
E09000013,Hammersmith and Fulham,Cycling,Leisure,At least 5 times per week,1.22310426314601,3.0450999999999997,2.3431681482041022,1.6188,1.8294000000000001,1.3249
E09000014,Haringey,Cycling,Leisure,At least once per month,10.0111144330156,12.3892,12.887401838164386,10.9164,13.571,12.4263
E09000014,Haringey,Cycling,Leisure,At least once per week,4.92861146645366,7.345699999999999,7.256253392482957,4.7223,8.184,6.2791
E09000014,Haringey,Cycling,Leisure,At least 3 times per week,1.1837022231495,2.0719000000000003,2.201064653244055,1.2509,3.0412000000000003,1.0933
E09000014,Haringey,Cycling,Leisure,At least 5 times per week,0.572411477159605,1.8904,0.9145791526267177,0.7945000000000001,1.1549,0.53
E09000019,Islington,Cycling,Leisure,At least once per month,13.5520393280025,20.0181,15.024518762447455,19.5396,13.1519,19.497500000000002
E09000019,Islington,Cycling,Leisure,At least once per week,7.70839251028076,10.6937,7.196245719180036,11.6853,7.3157,11.2499
E09000019,Islington,Cycling,Leisure,At least 3 times per week,2.47119148912949,3.9759999999999995,1.068145989804269,2.5787,1.3163,3.0979
E09000019,Islington,Cycling,Leisure,At least 5 times per week,1.22477118575333,2.1664,0.9018380701626499,1.2804,0.3888,2.0664
E09000020,Kensington and Chelsea,Cycling,Leisure,At least once per month,14.0926931602504,16.977700000000002,11.521976978943126,17.1751,12.9553,14.690600000000002
E09000020,Kensington and Chelsea,Cycling,Leisure,At least once per week,9.82008526081118,10.3048,5.021196407217849,10.8534,8.7721,7.3819
E09000020,Kensington and Chelsea,Cycling,Leisure,At least 3 times per week,2.83323491203327,3.5791000000000004,0.2891971616718283,2.9231,2.8319,2.6146
E09000020,Kensington and Chelsea,Cycling,Leisure,At least 5 times per week,1.25190168382293,1.1402,0,1.3321,1.9959999999999998,0.9480000000000001
E09000022,Lambeth,Cycling,Leisure,At least once per month,16.7284943939875,25.0682,16.697134240169753,14.5863,14.3422,14.122399999999999
E09000022,Lambeth,Cycling,Leisure,At least once per week,8.04729186444469,16.2383,9.495633219009232,8.641300000000001,8.7728,6.329700000000001
E09000022,Lambeth,Cycling,Leisure,At least 3 times per week,1.31420965602782,7.0215,2.1883781203358468,1.7978,2.5583,2.2720000000000002
E09000022,Lambeth,Cycling,Leisure,At least 5 times per week,0.29636128436912,1.8203,1.839015854781872,0.6507,1.6335,1.5466
E09000023,Lewisham,Cycling,Leisure,At least once per month,11.5209382724276,14.6629,14.139455808325557,14.7092,10.0955,12.1686
E09000023,Lewisham,Cycling,Leisure,At least once per week,5.25819405906051,7.984299999999999,6.517296756925648,6.7986,6.1531,6.4902
E09000023,Lewisham,Cycling,Leisure,At least 3 times per week,2.5383295711837,1.5959,0.9460485133234066,0.23270000000000002,1.3028,1.8984
E09000023,Lewisham,Cycling,Leisure,At least 5 times per week,1.92649519065402,0.9488,0.7909297920219577,0.1804,0.1374,0.7847
E09000025,Newham,Cycling,Leisure,At least once per month,8.22900622768223,9.5404,10.685459218815147,11.3201,11.9126,9.2496
E09000025,Newham,Cycling,Leisure,At least once per week,4.05635498816165,6.2387999999999995,4.672011394688175,6.809800000000001,4.276400000000001,5.8098
E09000025,Newham,Cycling,Leisure,At least 3 times per week,0.741312665478275,0.8966999999999999,1.1197166176956996,2.9058,1.3828,1.9952999999999999
E09000025,Newham,Cycling,Leisure,At least 5 times per week,0.104343015667536,0.5669000000000001,0.8510905384442516,0.9167,1.2715,0.7684
E09000028,Southwark,Cycling,Leisure,At least once per month,16.2548959388462,16.6137,16.676344739381786,20.5939,17.955099999999998,19.5838
E09000028,Southwark,Cycling,Leisure,At least once per week,8.63001562809687,8.4385,11.079045510343716,13.724900000000002,9.8249,11.879299999999999
E09000028,Southwark,Cycling,Leisure,At least 3 times per week,3.5095847050524,1.7872,2.58733114686731,1.6521000000000001,1.5489,5.0576
E09000028,Southwark,Cycling,Leisure,At least 5 times per week,1.23995956770676,0.7438,1.6580976753669312,0.2919,0.8985,1.8217
E09000030,Tower Hamlets,Cycling,Leisure,At least once per month,10.0527428015281,13.942499999999999,15.237701327744546,10.758099999999999,19.220100000000002,15.569700000000001
E09000030,Tower Hamlets,Cycling,Leisure,At least once per week,4.41884887880527,8.8666,7.125086316576658,3.9218,10.1005,7.550999999999999
E09000030,Tower Hamlets,Cycling,Leisure,At least 3 times per week,1.63903995390631,3.2177,2.6873079353765625,0.5351,1.8605,1.7916
E09000030,Tower Hamlets,Cycling,Leisure,At least 5 times per week,0.729377336271196,1.4736,0.9012240088479128,0.1203,1.1713,0.8658000000000001
E09000032,Wandsworth,Cycling,Leisure,At least once per month,17.5475233041396,23.519499999999997,23.647756907603547,18.3937,13.7193,20.053
E09000032,Wandsworth,Cycling,Leisure,At least once per week,10.5633436190117,15.129699999999998,14.782299375985131,11.0346,7.724499999999999,10.4796
E09000032,Wandsworth,Cycling,Leisure,At least 3 times per week,2.05019750847887,4.5748,2.7503680414598732,2.4228,1.4242,1.9605000000000001
E09000032,Wandsworth,Cycling,Leisure,At least 5 times per week,1.58712441473789,2.4756,1.8825312169194357,1.3679999999999999,0.6394000000000001,1.3742
E09000033,Westminster,Cycling,Leisure,At least once per month,14.0094102391511,14.0607,16.99296673245751,11.4286,14.910499999999999,13.1792
E09000033,Westminster,Cycling,Leisure,At least once per week,6.57888947360878,8.5984,9.333857130924995,6.4001,8.6299,7.560300000000001
E09000033,Westminster,Cycling,Leisure,At least 3 times per week,2.14527558207139,3.5201999999999996,0.9300648345859863,1.7627,3.2881,1.9254
E09000033,Westminster,Cycling,Leisure,At least 5 times per week,1.70181351713929,2.2100999999999997,0.19661656863777477,1.4286999999999999,2.3393,1.6615000000000002
E13000002,Outer London,Cycling,Leisure,At least once per month,8.51143530286311,10.9176,10.963837322185178,0,0,0
E13000002,Outer London,Cycling,Leisure,At least once per week,4.82086368226778,6.8024000000000004,6.041728726578276,0,0,0
E13000002,Outer London,Cycling,Leisure,At least 3 times per week,1.25877794273185,2.5282,1.383719383773159,0,0,0
E13000002,Outer London,Cycling,Leisure,At least 5 times per week,0.707393150854384,1.0709,0.6613347766857052,0,0,0
E09000002,Barking and Dagenham,Cycling,Leisure,At least once per month,5.41596215907351,7.5852,3.2809257337382833,9.2424,7.2405,7.8626000000000005
E09000002,Barking and Dagenham,Cycling,Leisure,At least once per week,2.50350361908566,5.583699999999999,1.7199620026670925,3.7487,4.4361,4.805899999999999
E09000002,Barking and Dagenham,Cycling,Leisure,At least 3 times per week,0.952213528770254,1.6986999999999999,0,1.109,1.3134,1.2753
E09000002,Barking and Dagenham,Cycling,Leisure,At least 5 times per week,0.952213528770254,1.0881,0,0.335,0.6125,0.6434
E09000003,Barnet,Cycling,Leisure,At least once per month,7.99864244262023,8.556999999999999,11.220937034642956,6.2599,8.8082,8.7699
E09000003,Barnet,Cycling,Leisure,At least once per week,5.53638743499965,5.7698,8.228389272203342,3.9414,4.714700000000001,5.1069
E09000003,Barnet,Cycling,Leisure,At least 3 times per week,1.74419833402574,2.8629000000000002,2.4490052300801866,1.3237999999999999,0.4588,0.8277
E09000003,Barnet,Cycling,Leisure,At least 5 times per week,1.32436422737844,1.0116,1.3975680394878645,0.3842,0.11720000000000001,0.4442
E09000004,Bexley,Cycling,Leisure,At least once per month,8.15508098439965,6.1678999999999995,9.750928758333371,12.119,11.075899999999999,9.0194
E09000004,Bexley,Cycling,Leisure,At least once per week,5.336136251994,3.5155,7.080426339237716,5.7801,6.5191,5.6821
E09000004,Bexley,Cycling,Leisure,At least 3 times per week,1.42136683441176,1.9985,1.3420892646497182,0.7676999999999999,0.6224999999999999,0.8540000000000001
E09000004,Bexley,Cycling,Leisure,At least 5 times per week,0.566369843565918,0.3607,0.5309997229218518,0.6674,0.5835,0.8540000000000001
E09000005,Brent,Cycling,Leisure,At least once per month,8.89664451246527,8.505600000000001,10.743367034037274,10.6357,7.4445,8.8654
E09000005,Brent,Cycling,Leisure,At least once per week,3.87898310764609,5.8553,5.945010705824407,7.085,4.2793,4.329899999999999
E09000005,Brent,Cycling,Leisure,At least 3 times per week,0.500421987714991,2.0509,0.8097614024205988,1.322,0.7276,1.5653000000000001
E09000005,Brent,Cycling,Leisure,At least 5 times per week,0.187449402259287,0.3926,0.24323220064654286,0.5003,0.7276,0.8493
E09000006,Bromley,Cycling,Leisure,At least once per month,7.57766833634175,12.057500000000001,8.098613255498387,12.0488,9.6379,11.253499999999999
E09000006,Bromley,Cycling,Leisure,At least once per week,4.52822858841923,7.95,3.369111475456922,8.4476,4.0826,6.4937
E09000006,Bromley,Cycling,Leisure,At least 3 times per week,1.1117848021532,2.8788,0.5184443048321924,2.5249,0.7725,1.2454
E09000006,Bromley,Cycling,Leisure,At least 5 times per week,1.1117848021532,1.0687,0.5184443048321924,1.3787,0.638,1.0026
E09000008,Croydon,Cycling,Leisure,At least once per month,5.30180257124388,6.6442,5.607681287400981,10.0306,6.4067,9.276299999999999
E09000008,Croydon,Cycling,Leisure,At least once per week,3.03819516401343,3.8975999999999997,2.7783785186904635,5.531,3.7969000000000004,6.5036
E09000008,Croydon,Cycling,Leisure,At least 3 times per week,1.2243183991963,1.4819,0.4247990386724112,2.7325,1.6230000000000002,3.2039
E09000008,Croydon,Cycling,Leisure,At least 5 times per week,0.755446846017631,0.4968,0.15334154976677836,1.8579999999999999,0,1.2321
E09000009,Ealing,Cycling,Leisure,At least once per month,9.58965134663705,11.8492,10.232287471564447,12.1865,13.730800000000002,11.6281
E09000009,Ealing,Cycling,Leisure,At least once per week,4.40515913883854,7.8636,6.22767110636639,7.105300000000001,7.591399999999999,6.759900000000001
E09000009,Ealing,Cycling,Leisure,At least 3 times per week,0.699532916035615,3.8835,2.078450071084355,3.0277,1.8597,1.7953000000000001
E09000009,Ealing,Cycling,Leisure,At least 5 times per week,0.608391643674159,1.0038,1.117037270761638,1.0559,1.0821,0.3079
E09000010,Enfield,Cycling,Leisure,At least once per month,8.41782018674552,9.726700000000001,7.646456409175026,8.715399999999999,7.514600000000001,8.609
E09000010,Enfield,Cycling,Leisure,At least once per week,4.57140070856758,7.0085,4.243750696725922,4.5811,4.0696,4.7719
E09000010,Enfield,Cycling,Leisure,At least 3 times per week,1.29527848155243,1.5873000000000002,1.2336714426434354,1.5545,0.9933000000000001,1.2755
E09000010,Enfield,Cycling,Leisure,At least 5 times per week,0.800558478648873,1.308,0.2860765456359542,0.9692,0.3924,0.7493
E09000011,Greenwich,Cycling,Leisure,At least once per month,8.35972314601764,10.075000000000001,13.043614921448388,11.9354,12.0993,12.0337
E09000011,Greenwich,Cycling,Leisure,At least once per week,4.69826453341185,5.788,7.788312501068901,5.2045,6.707299999999999,5.5728
E09000011,Greenwich,Cycling,Leisure,At least 3 times per week,1.71500512527275,2.1063,1.3869032935463002,0.6133000000000001,1.3396,1.4305
E09000011,Greenwich,Cycling,Leisure,At least 5 times per week,0.703231241673305,0.8527,0.9839825069027671,0.0682,0.9224,0.3021
E09000015,Harrow,Cycling,Leisure,At least once per month,5.28176645447834,6.0564,10.346358443667416,7.1191,12.3506,9.594800000000001
E09000015,Harrow,Cycling,Leisure,At least once per week,1.66489879075527,2.4973,5.231323412882562,3.1734999999999998,5.5462,5.5811
E09000015,Harrow,Cycling,Leisure,At least 3 times per week,0.767573704679982,1.5167,0.576831133771283,1.222,1.8608,1.9897999999999998
E09000015,Harrow,Cycling,Leisure,At least 5 times per week,0.199703277489702,0.5399,0.576831133771283,0.7343,1.0224,1.2323
E09000016,Havering,Cycling,Leisure,At least once per month,5.03908326012392,7.7311000000000005,6.882398411971,5.4894,9.8024,8.0901
E09000016,Havering,Cycling,Leisure,At least once per week,2.78949068146027,4.8116,3.5997402470495605,2.4365,5.2849,4.269
E09000016,Havering,Cycling,Leisure,At least 3 times per week,0.849189908095783,1.0560999999999998,1.9015164839874552,0.1547,1.2094,0.8706
E09000016,Havering,Cycling,Leisure,At least 5 times per week,0.603580987986279,0.4946,1.2559323973542151,0.1087,0.6351,0.17309999999999998
E09000017,Hillingdon,Cycling,Leisure,At least once per month,5.51675811726463,9.0432,13.670025531603713,7.507900000000001,11.5322,6.9159
E09000017,Hillingdon,Cycling,Leisure,At least once per week,4.61397666784354,5.2864,7.091709102314697,2.2762000000000002,7.4449000000000005,3.0877000000000003
E09000017,Hillingdon,Cycling,Leisure,At least 3 times per week,1.87866018254536,0.9249,2.630924607585575,0.7898000000000001,2.3008,1.7156
E09000017,Hillingdon,Cycling,Leisure,At least 5 times per week,1.00022238893515,0.6431,0.7665617495443974,0.7312,2.3008,0.23979999999999999
E09000018,Hounslow,Cycling,Leisure,At least once per month,10.5627380729546,12.307,11.381280141733914,16.727,8.976,10.5337
E09000018,Hounslow,Cycling,Leisure,At least once per week,7.3252100345469,6.3941,6.387657206305613,11.3132,5.7152,4.8147
E09000018,Hounslow,Cycling,Leisure,At least 3 times per week,2.37674275972509,1.9550999999999998,0.7861248389556713,3.6361999999999997,1.2549,0.6827
E09000018,Hounslow,Cycling,Leisure,At least 5 times per week,1.02837845024576,1.2371,0.7280368408124372,3.2465,1.0772,0.1364
E09000021,Kingston upon Thames,Cycling,Leisure,At least once per month,14.7960995584583,18.3671,19.797965945249942,19.6764,16.3771,16.8848
E09000021,Kingston upon Thames,Cycling,Leisure,At least once per week,6.7864338949194,11.072700000000001,10.441533397118425,12.850800000000001,10.899000000000001,9.5374
E09000021,Kingston upon Thames,Cycling,Leisure,At least 3 times per week,0.26455387915131,4.018999999999999,1.7914196222515295,2.0334000000000003,3.4313999999999996,3.9791
E09000021,Kingston upon Thames,Cycling,Leisure,At least 5 times per week,0.0397053933510737,1.6595,0.5457653342641495,1.4914,2.1356,2.7493
E09000024,Merton,Cycling,Leisure,At least once per month,12.7822298440481,15.088399999999998,14.604188541011215,11.7293,14.130999999999998,14.7305
E09000024,Merton,Cycling,Leisure,At least once per week,9.32689870585287,8.6468,8.368860929650388,7.0276000000000005,8.1463,8.101700000000001
E09000024,Merton,Cycling,Leisure,At least 3 times per week,2.81563387877927,3.7328,2.4181357024241885,2.9079,4.120299999999999,0.9571
E09000024,Merton,Cycling,Leisure,At least 5 times per week,1.60984395298034,1.0404,0.6741214068553071,0.6126,2.2015,0.7987
E09000026,Redbridge,Cycling,Leisure,At least once per month,7.05798679405365,9.603,7.651158990555033,7.8308,8.385299999999999,11.5389
E09000026,Redbridge,Cycling,Leisure,At least once per week,3.28698028539993,5.7324,4.417357361050627,5.2352,4.043,8.397
E09000026,Redbridge,Cycling,Leisure,At least 3 times per week,0.536692884179233,1.7514999999999998,1.4913765887378245,1.01,0.8814000000000001,3.9174
E09000026,Redbridge,Cycling,Leisure,At least 5 times per week,0.14520112091753,0.9650000000000001,0.7331926921689822,0.7597999999999999,0.4943,2.9699
E09000027,Richmond upon Thames,Cycling,Leisure,At least once per month,18.4029262832467,24.1469,27.730396069742596,26.1806,24.0735,25.2906
E09000027,Richmond upon Thames,Cycling,Leisure,At least once per week,11.1321487337644,16.4518,14.676891434188558,15.697600000000001,12.5175,14.9757
E09000027,Richmond upon Thames,Cycling,Leisure,At least 3 times per week,2.3858336701022,6.116499999999999,2.7050510630364553,4.0895,2.2493,4.0809
E09000027,Richmond upon Thames,Cycling,Leisure,At least 5 times per week,0.856938155267227,2.4988,1.3905708831499466,1.1839,1.7065000000000001,2.4928
E09000029,Sutton,Cycling,Leisure,At least once per month,6.45924850274907,12.5873,9.139349600428263,8.8544,6.9388000000000005,11.9185
E09000029,Sutton,Cycling,Leisure,At least once per week,3.6746326219201,8.2683,3.9565808544220133,4.0046,3.7019,4.43
E09000029,Sutton,Cycling,Leisure,At least 3 times per week,0.453634131241313,3.9252000000000002,0.3391691011847581,0.07429999999999999,0.6005,0.8546
E09000029,Sutton,Cycling,Leisure,At least 5 times per week,0.0,1.6674000000000002,0,0,0.3016,0.4206
E09000031,Waltham Forest,Cycling,Leisure,At least once per month,11.9235926984341,20.26,16.762214218590564,12.6764,14.7072,14.5851
E09000031,Waltham Forest,Cycling,Leisure,At least once per week,5.67691309895298,12.1286,7.319496151038075,6.441199999999999,8.8685,8.6243
E09000031,Waltham Forest,Cycling,Leisure,At least 3 times per week,1.04299203310598,4.5819,1.4929512462950645,1.1204,3.376,2.0972999999999997
E09000031,Waltham Forest,Cycling,Leisure,At least 5 times per week,0.559897049994106,3.0244,0.4482484894343555,0.3558,2.3314000000000004,1.0749
E92000001,England,Cycling,Travel,At least once per month,6.41870191196575,6.7492,7.550429820060119,7.7219,8.1,8.2133
E92000001,England,Cycling,Travel,At least once per week,4.55500274432456,5.0996,5.932583581747726,6.1273,6.304800000000001,6.2765
E92000001,England,Cycling,Travel,At least 3 times per week,1.9562903233129,2.3296,3.098051605596255,3.2123,3.2882000000000002,3.3048
E92000001,England,Cycling,Travel,At least 5 times per week,1.12057663018572,1.3601999999999999,1.9315408415682442,2.0153999999999996,2.0063999999999997,2.0533
E12000007,London,Cycling,Travel,At least once per month,11.4226724579796,11.204600000000001,11.019990829768842,10.8873,10.6214,10.8272
E12000007,London,Cycling,Travel,At least once per week,7.96392540336521,8.7799,9.083265820125686,8.874799999999999,8.6199,8.5433
E12000007,London,Cycling,Travel,At least 3 times per week,3.28018256094178,4.0528,5.245842182380633,5.0056,4.694,4.945399999999999
E12000007,London,Cycling,Travel,At least 5 times per week,1.7988196992186,2.2712,3.1571508306243086,3.1740999999999997,2.8417000000000003,3.0322
E13000001,Inner London,Cycling,Travel,At least once per month,18.3114157658416,18.0443,16.5791220824784,0,0,0
E13000001,Inner London,Cycling,Travel,At least once per week,13.0566840726823,14.2365,13.892840058291423,0,0,0
E13000001,Inner London,Cycling,Travel,At least 3 times per week,5.2171056070534,6.5837,8.54142209387836,0,0,0
E13000001,Inner London,Cycling,Travel,At least 5 times per week,2.80607011064465,3.8602999999999996,5.4271756647433795,0,0,0
E09000007,Camden,Cycling,Travel,At least once per month,16.9746515154412,15.0201,14.378529561717832,15.711400000000001,12.092,10.6806
E09000007,Camden,Cycling,Travel,At least once per week,12.1289727289494,11.5906,12.568364262616551,13.589699999999999,10.2661,10.129299999999999
E09000007,Camden,Cycling,Travel,At least 3 times per week,6.96824103582939,5.0331,8.14426181553981,7.9166,5.285200000000001,7.477399999999999
E09000007,Camden,Cycling,Travel,At least 5 times per week,3.54623854070025,3.2451,6.520448459099083,4.3781,3.1045,5.1199
E09000001,City of London,Cycling,Travel,At least once per month,13.443721149057,11.2034,13.171798362931467,9.8912,11.3909,15.526599999999998
E09000001,City of London,Cycling,Travel,At least once per week,11.1416832982002,9.1043,9.608204667601951,6.1083,9.0143,13.083
E09000001,City of London,Cycling,Travel,At least 3 times per week,6.23412596093169,3.4162999999999997,1.3885654955383357,3.3608,2.1592000000000002,3.7979
E09000001,City of London,Cycling,Travel,At least 5 times per week,3.44719508415485,1.6698000000000002,1.0574880478283013,1.4994,1.3946999999999998,1.9914999999999998
E09000012,Hackney,Cycling,Travel,At least once per month,27.0487180658275,28.4507,23.121697957677366,23.336399999999998,26.299099999999996,29.1755
E09000012,Hackney,Cycling,Travel,At least once per week,18.9524069314785,24.2823,20.086305977575037,22.0434,22.7359,25.851200000000002
E09000012,Hackney,Cycling,Travel,At least 3 times per week,6.01325531386563,11.2543,12.964373629550064,13.500100000000002,16.1329,14.9228
E09000012,Hackney,Cycling,Travel,At least 5 times per week,3.84513665450502,6.9505,10.38697446704018,8.1998,8.6498,9.2198
E09000013,Hammersmith and Fulham,Cycling,Travel,At least once per month,20.1381546032839,19.9324,20.881777627057506,17.9771,18.8423,24.909
E09000013,Hammersmith and Fulham,Cycling,Travel,At least once per week,15.89083667164,16.8602,15.1693312706482,14.7004,15.801000000000002,20.993000000000002
E09000013,Hammersmith and Fulham,Cycling,Travel,At least 3 times per week,7.65537945380992,7.9265,9.63611598286426,11.0783,10.3312,11.3578
E09000013,Hammersmith and Fulham,Cycling,Travel,At least 5 times per week,5.55898726568041,4.5935999999999995,4.467422799725973,4.575,7.727,7.4937000000000005
E09000014,Haringey,Cycling,Travel,At least once per month,14.0321386128338,12.795000000000002,13.35131790888258,11.0605,13.456199999999999,12.5251
E09000014,Haringey,Cycling,Travel,At least once per week,9.10185737094716,9.6929,12.140613295495996,8.0262,11.2065,10.638499999999999
E09000014,Haringey,Cycling,Travel,At least 3 times per week,3.95201964161644,5.5451,7.7039350515199345,4.7933,5.686100000000001,7.759399999999999
E09000014,Haringey,Cycling,Travel,At least 5 times per week,1.92824234745433,0.5211,4.6221721040356645,3.032,3.7340999999999998,3.9248
E09000019,Islington,Cycling,Travel,At least once per month,27.7142139742939,22.8771,13.816375376504206,24.2917,15.5079,20.236
E09000019,Islington,Cycling,Travel,At least once per week,20.129717277213,18.1205,12.87318979199054,21.568399999999997,13.222800000000001,15.4368
E09000019,Islington,Cycling,Travel,At least 3 times per week,6.78785401299719,10.3172,7.114380016661448,11.7591,8.2222,9.9588
E09000019,Islington,Cycling,Travel,At least 5 times per week,3.65553629226887,5.8277,4.347819244012615,4.864199999999999,4.5104999999999995,6.3221
E09000020,Kensington and Chelsea,Cycling,Travel,At least once per month,15.1975558275704,12.094000000000001,10.567958704676048,11.3221,13.114,11.584
E09000020,Kensington and Chelsea,Cycling,Travel,At least once per week,10.7999387284656,9.8763,7.905169965555364,8.7395,9.877600000000001,8.4689
E09000020,Kensington and Chelsea,Cycling,Travel,At least 3 times per week,3.95164980470575,4.3858,4.85156592805403,5.2616000000000005,4.5222999999999995,4.84
E09000020,Kensington and Chelsea,Cycling,Travel,At least 5 times per week,1.96953149912775,3.6744,3.3852677714337096,2.8007,3.2788999999999997,3.1687
E09000022,Lambeth,Cycling,Travel,At least once per month,19.4531545552977,25.016500000000004,18.006058254227376,16.726,17.9598,16.697300000000002
E09000022,Lambeth,Cycling,Travel,At least once per week,14.602969101753,18.6197,15.148368302569395,13.1715,14.735000000000001,13.619800000000001
E09000022,Lambeth,Cycling,Travel,At least 3 times per week,6.92877106443954,5.4145,10.001819711578817,8.366,8.516300000000001,7.1739999999999995
E09000022,Lambeth,Cycling,Travel,At least 5 times per week,4.07538097002926,2.3876,5.248041819390067,6.5947000000000005,5.0599,4.0282
E09000023,Lewisham,Cycling,Travel,At least once per month,13.8915703027934,14.147699999999999,15.98984416682315,14.150699999999999,11.3647,13.6924
E09000023,Lewisham,Cycling,Travel,At least once per week,11.1272727964416,10.9353,13.402197383063513,10.691,10.6133,9.993599999999999
E09000023,Lewisham,Cycling,Travel,At least 3 times per week,3.75543753303894,6.1741,7.910452807815255,4.9979000000000005,6.4285,6.869599999999999
E09000023,Lewisham,Cycling,Travel,At least 5 times per week,1.57727453082231,4.1317,3.860816393348049,3.3072999999999997,3.6199000000000003,4.1436
E09000025,Newham,Cycling,Travel,At least once per month,10.2760248951917,6.656199999999999,12.127137972761739,7.836600000000001,8.1738,7.312200000000001
E09000025,Newham,Cycling,Travel,At least once per week,6.89727393213181,4.9587,8.732026307377193,5.5563,6.8624,5.113
E09000025,Newham,Cycling,Travel,At least 3 times per week,2.87148941835034,1.8259999999999998,5.070954125505313,2.7282,3.38,3.1029
E09000025,Newham,Cycling,Travel,At least 5 times per week,0.986525570434162,1.0812,2.9216144120222856,2.3811999999999998,2.9145,2.386
E09000028,Southwark,Cycling,Travel,At least once per month,21.0240951109254,20.6433,19.010816223457933,24.262900000000002,19.2944,21.847
E09000028,Southwark,Cycling,Travel,At least once per week,14.6579579014344,16.919600000000003,16.718385574960365,22.1953,16.5725,18.4499
E09000028,Southwark,Cycling,Travel,At least 3 times per week,5.72659102985256,8.282399999999999,10.946784964795844,16.5217,11.2663,13.6869
E09000028,Southwark,Cycling,Travel,At least 5 times per week,2.42177857519719,6.7355,7.436583066049536,11.4339,6.0514,8.583300000000001
E09000030,Tower Hamlets,Cycling,Travel,At least once per month,14.652044056477,17.6961,15.679412101616627,17.2072,17.9934,17.089199999999998
E09000030,Tower Hamlets,Cycling,Travel,At least once per week,9.91021740553207,13.841899999999999,13.505777568041232,11.991,16.2087,13.6128
E09000030,Tower Hamlets,Cycling,Travel,At least 3 times per week,3.53584868564916,6.7971,7.074766247179748,7.1602,9.7155,9.7478
E09000030,Tower Hamlets,Cycling,Travel,At least 5 times per week,2.26622260436458,5.3509,5.136700793360059,4.3709999999999996,6.399299999999999,7.138799999999999
E09000032,Wandsworth,Cycling,Travel,At least once per month,20.9285620189651,24.5545,20.73515464273938,17.756,16.3331,17.7748
E09000032,Wandsworth,Cycling,Travel,At least once per week,15.5605922256724,18.192700000000002,17.47347882875915,15.8383,12.141200000000001,15.684899999999999
E09000032,Wandsworth,Cycling,Travel,At least 3 times per week,5.95771854745305,7.5354,10.46115073180972,7.921200000000001,5.3379,8.1579
E09000032,Wandsworth,Cycling,Travel,At least 5 times per week,2.75128870087881,3.3308999999999997,6.886697505859274,5.707199999999999,2.532,5.0466999999999995
E09000033,Westminster,Cycling,Travel,At least once per month,18.1004291995625,12.4458,15.97350106213781,12.548699999999998,16.0432,11.759500000000001
E09000033,Westminster,Cycling,Travel,At least once per week,11.1541450901481,10.414900000000001,12.459044254338924,9.7112,12.2363,6.4914
E09000033,Westminster,Cycling,Travel,At least 3 times per week,4.20020676825089,5.734,7.908987480851636,5.0269,6.4566,4.1319
E09000033,Westminster,Cycling,Travel,At least 5 times per week,2.76825706629629,3.0103,4.2527137711075556,3.4661999999999997,4.5137,2.7628
E13000002,Outer London,Cycling,Travel,At least once per month,6.57748176431747,6.3901,7.117258163445149,0,0,0
E13000002,Outer London,Cycling,Travel,At least once per week,4.3819387031958,4.939,5.706752182090937,0,0,0
E13000002,Outer London,Cycling,Travel,At least 3 times per week,1.91784967989959,2.2713,2.9322131654701615,0,0,0
E13000002,Outer London,Cycling,Travel,At least 5 times per week,1.0903711329817,1.1526,1.5635025300621028,0,0,0
E09000002,Barking and Dagenham,Cycling,Travel,At least once per month,5.71563751748005,3.2236000000000002,2.2387582890827966,3.7994,4.7807,3.9812
E09000002,Barking and Dagenham,Cycling,Travel,At least once per week,4.71710501507981,2.311,2.1766581299472985,3.6274,4.2154,3.2809
E09000002,Barking and Dagenham,Cycling,Travel,At least 3 times per week,0.772001537718182,0.7887,0.764840683390359,1.1280999999999999,1.5632,1.1200999999999999
E09000002,Barking and Dagenham,Cycling,Travel,At least 5 times per week,0.234013081276457,0.5412,0.4733672315726865,0.9795,1.0088,0.6078
E09000003,Barnet,Cycling,Travel,At least once per month,5.55789131809951,6.2715000000000005,6.511161900559925,3.3097000000000003,5.2428,4.0562000000000005
E09000003,Barnet,Cycling,Travel,At least once per week,2.79016253283835,4.3206,5.503342252939849,2.5435,3.5074,3.1976999999999998
E09000003,Barnet,Cycling,Travel,At least 3 times per week,1.27504646053371,1.4478,2.121706605308077,2.2032,1.8515,1.6955999999999998
E09000003,Barnet,Cycling,Travel,At least 5 times per week,0.469292743768745,0.9013,0.9488074904355775,2.2032,0.7227,0.8508
E09000004,Bexley,Cycling,Travel,At least once per month,2.63457819713418,2.7668999999999997,5.790203481243812,4.36,5.6178,3.0755999999999997
E09000004,Bexley,Cycling,Travel,At least once per week,1.5997011964861,2.5828,4.687461640661139,2.3643,5.1857,1.6087
E09000004,Bexley,Cycling,Travel,At least 3 times per week,0.0,1.9122,2.9888129274610202,1.6798,1.1297,0.2502
E09000004,Bexley,Cycling,Travel,At least 5 times per week,0.0,1.2375,0.3554966778950346,1.324,1.0178,0.0673
E09000005,Brent,Cycling,Travel,At least once per month,7.4571388702659,7.277200000000001,8.294527594195204,11.2791,5.8892,6.0508
E09000005,Brent,Cycling,Travel,At least once per week,5.15568887743485,5.547499999999999,5.9445377299527795,8.5625,5.1831000000000005,4.7263
E09000005,Brent,Cycling,Travel,At least 3 times per week,3.20748897116997,3.8125,3.6973278998641708,6.0357,1.0495,1.7642000000000002
E09000005,Brent,Cycling,Travel,At least 5 times per week,1.43971538645439,1.388,1.7290144508911736,3.7039999999999997,0.331,0.8937
E09000006,Bromley,Cycling,Travel,At least once per month,6.09290076119669,5.7093,3.359335861337926,6.8934999999999995,5.6217999999999995,5.4615
E09000006,Bromley,Cycling,Travel,At least once per week,4.12549609275812,3.8314,2.7395122085280375,5.0126,3.9600000000000004,4.0251
E09000006,Bromley,Cycling,Travel,At least 3 times per week,2.46201079949068,1.7544,1.3612177973534452,2.0079,1.9775,1.8457999999999999
E09000006,Bromley,Cycling,Travel,At least 5 times per week,1.22375509572021,0.2824,0.41038699354337194,1.2826,1.3252,1.351
E09000008,Croydon,Cycling,Travel,At least once per month,6.48758993427955,3.3361,2.3438275036178613,5.4002,5.3204,4.932099999999999
E09000008,Croydon,Cycling,Travel,At least once per week,6.25672454654714,2.6759999999999997,1.9994321442126028,4.8171,4.3684,4.3605
E09000008,Croydon,Cycling,Travel,At least 3 times per week,4.00243461203246,1.3235999999999999,0.5604794641363141,2.3014,0.8215999999999999,2.7618
E09000008,Croydon,Cycling,Travel,At least 5 times per week,2.00238942481211,0.7514,0.1977429279145565,2.0121,0.23640000000000003,1.8636
E09000009,Ealing,Cycling,Travel,At least once per month,10.2924666884634,9.2884,7.8875547001474065,9.9988,9.2982,9.699
E09000009,Ealing,Cycling,Travel,At least once per week,6.89800915804718,8.0013,6.272607943196501,7.5207,7.4351,7.611700000000001
E09000009,Ealing,Cycling,Travel,At least 3 times per week,3.29620432098787,4.166099999999999,2.726775401671421,2.9438,2.9973,4.0248
E09000009,Ealing,Cycling,Travel,At least 5 times per week,2.46239950052921,2.5097,1.6880165137030185,2.2179,1.7729000000000001,2.7211
E09000010,Enfield,Cycling,Travel,At least once per month,4.2883729305574,3.9621999999999997,4.281774912897114,4.4313,4.1728000000000005,4.665699999999999
E09000010,Enfield,Cycling,Travel,At least once per week,2.32528833842782,3.5811,3.524574752298895,3.8447,2.7252,3.9412000000000003
E09000010,Enfield,Cycling,Travel,At least 3 times per week,0.918782578444368,0.9223,1.2135002954605132,2.3594,1.1622999999999999,1.8058999999999998
E09000010,Enfield,Cycling,Travel,At least 5 times per week,0.178425167924094,0.0584,1.073412098946145,1.7239999999999998,0.30660000000000004,1.5841
E09000011,Greenwich,Cycling,Travel,At least once per month,7.06590236703419,7.5078000000000005,7.804726081564106,6.569500000000001,10.3471,5.2634
E09000011,Greenwich,Cycling,Travel,At least once per week,4.99948983260144,6.1592,7.271825951111352,5.8455,8.3724,3.6704
E09000011,Greenwich,Cycling,Travel,At least 3 times per week,2.16690263862185,2.0903,5.573703663642187,1.5044,4.6964,1.5685999999999998
E09000011,Greenwich,Cycling,Travel,At least 5 times per week,0.972557479215641,0.6666,5.04853430761182,0.7100000000000001,2.941,0.6839
E09000015,Harrow,Cycling,Travel,At least once per month,4.16451213644757,3.3374,4.835683522704821,3.2162999999999995,3.8760999999999997,5.1499999999999995
E09000015,Harrow,Cycling,Travel,At least once per week,2.15814918201686,3.0677,4.0866416424851595,2.3111,1.8502,3.8693
E09000015,Harrow,Cycling,Travel,At least 3 times per week,1.54311416477451,1.1405,1.3403752521123111,1.4434,1.1864,1.275
E09000015,Harrow,Cycling,Travel,At least 5 times per week,1.50664740879308,0.823,0.9952411209230523,1.4093,0.7076,0.5466000000000001
E09000016,Havering,Cycling,Travel,At least once per month,2.66478752742468,3.4055,1.3021381760348612,1.431,3.5247,3.5077999999999996
E09000016,Havering,Cycling,Travel,At least once per week,0.857810880085852,3.0120999999999998,0.9532038280056014,0.6098,3.3771000000000004,1.8464
E09000016,Havering,Cycling,Travel,At least 3 times per week,0.760593478149218,0.14400000000000002,0.3164509411295047,0.3292,1.7919999999999998,0.9387
E09000016,Havering,Cycling,Travel,At least 5 times per week,0.320372191447154,0.14400000000000002,0.2683951959450473,0.1293,1.4002999999999999,0.5009
E09000017,Hillingdon,Cycling,Travel,At least once per month,1.88417649157493,3.4808,6.999453988439141,4.9124,3.4642,5.8694999999999995
E09000017,Hillingdon,Cycling,Travel,At least once per week,1.33351857134054,2.8558,5.704625448018385,2.496,1.1971,4.1696
E09000017,Hillingdon,Cycling,Travel,At least 3 times per week,0.72845616232666,1.3252,2.5633090275510253,1.6282999999999999,0.6623,1.9914
E09000017,Hillingdon,Cycling,Travel,At least 5 times per week,0.72845616232666,0.7127,1.5394659633053134,1.1627999999999998,0.22200000000000003,0.47650000000000003
E09000018,Hounslow,Cycling,Travel,At least once per month,8.37311857339567,6.1255999999999995,9.756930475361248,9.1273,9.0867,7.030799999999999
E09000018,Hounslow,Cycling,Travel,At least once per week,6.32264219823775,5.0042,7.276958716734535,8.2058,7.8923,4.7853
E09000018,Hounslow,Cycling,Travel,At least 3 times per week,2.14059334257589,2.6488,3.0372252636936636,5.4169,4.2532,2.6822
E09000018,Hounslow,Cycling,Travel,At least 5 times per week,0.531317277454409,2.0884,2.055884060470278,2.7227,1.9264,1.2831000000000001
E09000021,Kingston upon Thames,Cycling,Travel,At least once per month,10.2651405305415,11.2071,14.615442092903102,14.877699999999999,16.7423,13.5669
E09000021,Kingston upon Thames,Cycling,Travel,At least once per week,5.63183609866961,7.5433,12.48251900548525,13.106499999999999,11.2145,10.124600000000001
E09000021,Kingston upon Thames,Cycling,Travel,At least 3 times per week,2.02353304631141,3.948,7.597066654277576,6.0734,5.6443,6.5792
E09000021,Kingston upon Thames,Cycling,Travel,At least 5 times per week,1.08934207492256,1.8769999999999998,3.039984082761651,3.5090000000000003,3.6229999999999998,4.087
E09000024,Merton,Cycling,Travel,At least once per month,10.1199656398361,7.506,12.217532840089072,9.9436,9.875399999999999,11.0331
E09000024,Merton,Cycling,Travel,At least once per week,7.54609549204068,5.332,9.688867404190592,8.4255,8.2923,9.381599999999999
E09000024,Merton,Cycling,Travel,At least 3 times per week,3.33904022616612,3.4042000000000003,6.90698785959571,2.4187,6.421799999999999,3.7518000000000002
E09000024,Merton,Cycling,Travel,At least 5 times per week,2.49772971372437,1.3214,3.772798222077437,0.9494,3.9935,2.2735
E09000026,Redbridge,Cycling,Travel,At least once per month,2.55060537483302,2.9266,4.609893357617981,2.9155,4.9699,5.3238
E09000026,Redbridge,Cycling,Travel,At least once per week,1.41092368864894,2.0498,3.4982537897696786,2.4585,3.4781,4.4592
E09000026,Redbridge,Cycling,Travel,At least 3 times per week,0.167542320725347,1.2669,2.2281959065123695,1.1954,1.1925,2.8791
E09000026,Redbridge,Cycling,Travel,At least 5 times per week,0.167542320725347,0.181,0.9191008715506223,0.6497,0.6647000000000001,1.6942
E09000027,Richmond upon Thames,Cycling,Travel,At least once per month,16.0810933857867,19.9523,23.9419738523061,21.4036,16.3101,21.1787
E09000027,Richmond upon Thames,Cycling,Travel,At least once per week,11.1349566268262,16.562099999999997,18.769234669906282,19.2365,12.6764,15.6031
E09000027,Richmond upon Thames,Cycling,Travel,At least 3 times per week,2.89806136418147,6.4094,8.007055625330713,9.8608,6.4167000000000005,7.530399999999999
E09000027,Richmond upon Thames,Cycling,Travel,At least 5 times per week,2.17791774213737,3.8575,3.9699540467184615,6.0974,4.1149,4.2213
E09000029,Sutton,Cycling,Travel,At least once per month,3.85449072228223,4.628,6.767629706324607,5.3712,4.2569,8.665799999999999
E09000029,Sutton,Cycling,Travel,At least once per week,2.52813408007025,3.7315,4.668664324155456,2.4421000000000004,3.2168,5.2001
E09000029,Sutton,Cycling,Travel,At least 3 times per week,0.844628220806592,1.7332,2.8244531509280546,0.6162,1.7274999999999998,2.5384
E09000029,Sutton,Cycling,Travel,At least 5 times per week,0.38893149664543,0.306,2.169983799994411,0.4626,1.0211,1.3188
E09000031,Waltham Forest,Cycling,Travel,At least once per month,13.3186144258751,14.680599999999998,11.581432885447363,11.186599999999999,11.8133,11.6975
E09000031,Waltham Forest,Cycling,Travel,At least once per week,7.83809955107423,9.6356,9.148015199041588,8.4662,10.1178,8.720600000000001
E09000031,Waltham Forest,Cycling,Travel,At least 3 times per week,2.98968702664183,4.725,4.918454303480576,3.8966000000000003,6.2883,4.2508
E09000031,Waltham Forest,Cycling,Travel,At least 5 times per week,2.25871876247373,3.3382,1.4983347805341631,1.6824999999999999,5.1212,1.8875
